{
    "type": "object",
    "properties": {
      "anio": {
        "type": "integer"
      },
      "autor": {
        "type": "string"
      },
      "editorial": {
        "type": "string"
      },
      "isbn": {
        "type": "string",
        "minLength": 4,
        "maxLength":4
      },
      "nombre": {
        "type": "string"
      },
      "precio": {
        "type": "number"
      }
    },
    "required": [
      "anio",
      "autor",
      "editorial",
      "isbn",
      "nombre",
      "precio"
      
    ]
  }